id,clan_battle_id,period,rank_from,rank_to,ranking_bonus_group,reward_type_1,reward_id_1,reward_num_1,reward_type_2,reward_id_2,reward_num_2,reward_type_3,reward_id_3,reward_num_3,reward_type_4,reward_id_4,reward_num_4,reward_type_5,reward_id_5,reward_num_5
1,1001,1,1,30,0,8,91002,5000,2,90006,5000,2,31043,30,0,0,0,0,0,0
2,1001,1,31,100,0,8,91002,4500,2,90006,4500,2,31043,25,0,0,0,0,0,0
3,1001,1,101,300,0,8,91002,4000,2,90006,4000,2,31043,20,0,0,0,0,0,0
4,1001,1,301,1000,0,8,91002,3500,2,90006,3500,2,31043,18,0,0,0,0,0,0
5,1001,1,1001,2000,0,8,91002,3000,2,90006,3000,2,31043,16,0,0,0,0,0,0
6,1001,1,2001,5000,0,8,91002,2000,2,90006,2000,2,31043,14,0,0,0,0,0,0
7,1001,1,5001,10000,0,8,91002,1500,2,90006,1500,2,31043,12,0,0,0,0,0,0
8,1001,1,10001,20000,0,8,91002,1000,2,90006,1000,2,31043,10,0,0,0,0,0,0
9,1001,1,20001,-1,0,8,91002,500,2,90006,500,2,31043,5,0,0,0,0,0,0
10,1002,1,1,20,0,8,91002,5000,2,90006,5000,2,31022,30,0,0,0,0,0,0
11,1002,1,21,100,0,8,91002,4500,2,90006,4500,2,31022,25,0,0,0,0,0,0
12,1002,1,101,250,0,8,91002,4000,2,90006,4000,2,31022,20,0,0,0,0,0,0
13,1002,1,251,500,0,8,91002,3500,2,90006,3500,2,31022,18,0,0,0,0,0,0
14,1002,1,501,1000,0,8,91002,3000,2,90006,3000,2,31022,16,0,0,0,0,0,0
15,1002,1,1001,2000,0,8,91002,2500,2,90006,2500,2,31022,14,0,0,0,0,0,0
16,1002,1,2001,3000,0,8,91002,2000,2,90006,2000,2,31022,12,0,0,0,0,0,0
17,1002,1,3001,5000,0,8,91002,1500,2,90006,1500,2,31022,10,0,0,0,0,0,0
18,1002,1,5001,10000,0,8,91002,1000,2,90006,1000,2,31022,8,0,0,0,0,0,0
19,1002,1,10001,-1,0,8,91002,500,2,90006,500,2,31022,5,0,0,0,0,0,0
20,1003,1,1,20,0,8,91002,5000,2,90006,5000,2,31042,30,0,0,0,0,0,0
21,1003,1,21,100,0,8,91002,4500,2,90006,4500,2,31042,25,0,0,0,0,0,0
22,1003,1,101,250,0,8,91002,4000,2,90006,4000,2,31042,20,0,0,0,0,0,0
23,1003,1,251,500,0,8,91002,3500,2,90006,3500,2,31042,18,0,0,0,0,0,0
24,1003,1,501,1000,0,8,91002,3000,2,90006,3000,2,31042,16,0,0,0,0,0,0
25,1003,1,1001,2000,0,8,91002,2500,2,90006,2500,2,31042,14,0,0,0,0,0,0
26,1003,1,2001,3000,0,8,91002,2000,2,90006,2000,2,31042,12,0,0,0,0,0,0
27,1003,1,3001,5000,0,8,91002,1500,2,90006,1500,2,31042,10,0,0,0,0,0,0
28,1003,1,5001,10000,0,8,91002,1000,2,90006,1000,2,31042,8,0,0,0,0,0,0
29,1003,1,10001,-1,0,8,91002,500,2,90006,500,2,31042,5,0,0,0,0,0,0
30,1004,1,1,20,0,8,91002,5000,2,90006,5000,2,31018,30,0,0,0,0,0,0
31,1004,1,21,100,0,8,91002,4500,2,90006,4500,2,31018,25,0,0,0,0,0,0
32,1004,1,101,250,0,8,91002,4000,2,90006,4000,2,31018,20,0,0,0,0,0,0
33,1004,1,251,500,0,8,91002,3500,2,90006,3500,2,31018,18,0,0,0,0,0,0
34,1004,1,501,1000,0,8,91002,3000,2,90006,3000,2,31018,16,0,0,0,0,0,0
35,1004,1,1001,2000,0,8,91002,2500,2,90006,2500,2,31018,14,0,0,0,0,0,0
36,1004,1,2001,3000,0,8,91002,2000,2,90006,2000,2,31018,12,0,0,0,0,0,0
37,1004,1,3001,5000,0,8,91002,1500,2,90006,1500,2,31018,10,0,0,0,0,0,0
38,1004,1,5001,10000,0,8,91002,1000,2,90006,1000,2,31018,8,0,0,0,0,0,0
39,1004,1,10001,-1,0,8,91002,500,2,90006,500,2,31018,5,0,0,0,0,0,0
40,1005,1,1,20,0,8,91002,5000,2,90006,5000,2,31025,30,0,0,0,0,0,0
41,1005,1,21,100,0,8,91002,4500,2,90006,4500,2,31025,25,0,0,0,0,0,0
42,1005,1,101,250,0,8,91002,4000,2,90006,4000,2,31025,20,0,0,0,0,0,0
43,1005,1,251,500,0,8,91002,3500,2,90006,3500,2,31025,18,0,0,0,0,0,0
44,1005,1,501,1000,0,8,91002,3000,2,90006,3000,2,31025,16,0,0,0,0,0,0
45,1005,1,1001,2000,0,8,91002,2500,2,90006,2500,2,31025,14,0,0,0,0,0,0
46,1005,1,2001,3000,0,8,91002,2000,2,90006,2000,2,31025,12,0,0,0,0,0,0
47,1005,1,3001,5000,0,8,91002,1500,2,90006,1500,2,31025,10,0,0,0,0,0,0
48,1005,1,5001,10000,0,8,91002,1000,2,90006,1000,2,31025,8,0,0,0,0,0,0
49,1005,1,10001,-1,0,8,91002,500,2,90006,500,2,31025,5,0,0,0,0,0,0
50,1006,1,1,20,0,8,91002,5000,2,90006,5000,2,31043,30,0,0,0,0,0,0
51,1006,1,21,100,0,8,91002,4500,2,90006,4500,2,31043,25,0,0,0,0,0,0
52,1006,1,101,250,0,8,91002,4000,2,90006,4000,2,31043,20,0,0,0,0,0,0
53,1006,1,251,500,0,8,91002,3500,2,90006,3500,2,31043,18,0,0,0,0,0,0
54,1006,1,501,1000,0,8,91002,3000,2,90006,3000,2,31043,16,0,0,0,0,0,0
55,1006,1,1001,2000,0,8,91002,2500,2,90006,2500,2,31043,14,0,0,0,0,0,0
56,1006,1,2001,3000,0,8,91002,2000,2,90006,2000,2,31043,12,0,0,0,0,0,0
57,1006,1,3001,5000,0,8,91002,1500,2,90006,1500,2,31043,10,0,0,0,0,0,0
58,1006,1,5001,10000,0,8,91002,1000,2,90006,1000,2,31043,8,0,0,0,0,0,0
59,1006,1,10001,-1,0,8,91002,500,2,90006,500,2,31043,5,0,0,0,0,0,0
60,1007,1,1,20,0,8,91002,5000,2,90006,5000,2,31022,30,0,0,0,0,0,0
61,1007,1,21,100,0,8,91002,4500,2,90006,4500,2,31022,25,0,0,0,0,0,0
62,1007,1,101,250,0,8,91002,4000,2,90006,4000,2,31022,20,0,0,0,0,0,0
63,1007,1,251,500,0,8,91002,3500,2,90006,3500,2,31022,18,0,0,0,0,0,0
64,1007,1,501,1000,0,8,91002,3000,2,90006,3000,2,31022,16,0,0,0,0,0,0
65,1007,1,1001,2000,0,8,91002,2500,2,90006,2500,2,31022,14,0,0,0,0,0,0
66,1007,1,2001,3000,0,8,91002,2000,2,90006,2000,2,31022,12,0,0,0,0,0,0
67,1007,1,3001,5000,0,8,91002,1500,2,90006,1500,2,31022,10,0,0,0,0,0,0
68,1007,1,5001,10000,0,8,91002,1000,2,90006,1000,2,31022,8,0,0,0,0,0,0
69,1007,1,10001,-1,0,8,91002,500,2,90006,500,2,31022,5,0,0,0,0,0,0
70,1008,1,1,20,0,8,91002,5000,2,90006,5000,2,31042,30,0,0,0,0,0,0
71,1008,1,21,100,0,8,91002,4500,2,90006,4500,2,31042,25,0,0,0,0,0,0
72,1008,1,101,250,0,8,91002,4000,2,90006,4000,2,31042,20,0,0,0,0,0,0
73,1008,1,251,500,0,8,91002,3500,2,90006,3500,2,31042,18,0,0,0,0,0,0
74,1008,1,501,1000,0,8,91002,3000,2,90006,3000,2,31042,16,0,0,0,0,0,0
75,1008,1,1001,2000,0,8,91002,2500,2,90006,2500,2,31042,14,0,0,0,0,0,0
76,1008,1,2001,3000,0,8,91002,2000,2,90006,2000,2,31042,12,0,0,0,0,0,0
77,1008,1,3001,5000,0,8,91002,1500,2,90006,1500,2,31042,10,0,0,0,0,0,0
78,1008,1,5001,10000,0,8,91002,1000,2,90006,1000,2,31042,8,0,0,0,0,0,0
79,1008,1,10001,-1,0,8,91002,500,2,90006,500,2,31042,5,0,0,0,0,0,0
80,1009,1,1,20,0,8,91002,5000,2,90006,5000,2,31018,30,0,0,0,0,0,0
81,1009,1,21,100,0,8,91002,4500,2,90006,4500,2,31018,25,0,0,0,0,0,0
82,1009,1,101,250,0,8,91002,4000,2,90006,4000,2,31018,20,0,0,0,0,0,0
83,1009,1,251,500,0,8,91002,3500,2,90006,3500,2,31018,18,0,0,0,0,0,0
84,1009,1,501,1000,0,8,91002,3000,2,90006,3000,2,31018,16,0,0,0,0,0,0
85,1009,1,1001,2000,0,8,91002,2500,2,90006,2500,2,31018,14,0,0,0,0,0,0
86,1009,1,2001,3000,0,8,91002,2000,2,90006,2000,2,31018,12,0,0,0,0,0,0
87,1009,1,3001,5000,0,8,91002,1500,2,90006,1500,2,31018,10,0,0,0,0,0,0
88,1009,1,5001,10000,0,8,91002,1000,2,90006,1000,2,31018,8,0,0,0,0,0,0
89,1009,1,10001,-1,0,8,91002,500,2,90006,500,2,31018,5,0,0,0,0,0,0
90,1010,1,1,20,0,8,91002,5000,2,90006,5000,2,31025,30,0,0,0,0,0,0
91,1010,1,21,100,0,8,91002,4500,2,90006,4500,2,31025,25,0,0,0,0,0,0
92,1010,1,101,250,0,8,91002,4000,2,90006,4000,2,31025,20,0,0,0,0,0,0
93,1010,1,251,500,0,8,91002,3500,2,90006,3500,2,31025,18,0,0,0,0,0,0
94,1010,1,501,1000,0,8,91002,3000,2,90006,3000,2,31025,16,0,0,0,0,0,0
95,1010,1,1001,2000,0,8,91002,2500,2,90006,2500,2,31025,14,0,0,0,0,0,0
96,1010,1,2001,3000,0,8,91002,2000,2,90006,2000,2,31025,12,0,0,0,0,0,0
97,1010,1,3001,5000,0,8,91002,1500,2,90006,1500,2,31025,10,0,0,0,0,0,0
98,1010,1,5001,10000,0,8,91002,1000,2,90006,1000,2,31025,8,0,0,0,0,0,0
99,1010,1,10001,-1,0,8,91002,500,2,90006,500,2,31025,5,0,0,0,0,0,0
100,1011,1,1,20,0,8,91002,5000,2,90006,5000,2,31043,30,0,0,0,0,0,0
101,1011,1,21,100,0,8,91002,4500,2,90006,4500,2,31043,25,0,0,0,0,0,0
102,1011,1,101,250,0,8,91002,4000,2,90006,4000,2,31043,20,0,0,0,0,0,0
103,1011,1,251,500,0,8,91002,3500,2,90006,3500,2,31043,18,0,0,0,0,0,0
104,1011,1,501,1000,0,8,91002,3000,2,90006,3000,2,31043,16,0,0,0,0,0,0
105,1011,1,1001,2000,0,8,91002,2500,2,90006,2500,2,31043,14,0,0,0,0,0,0
106,1011,1,2001,3000,0,8,91002,2000,2,90006,2000,2,31043,12,0,0,0,0,0,0
107,1011,1,3001,5000,0,8,91002,1500,2,90006,1500,2,31043,10,0,0,0,0,0,0
108,1011,1,5001,10000,0,8,91002,1000,2,90006,1000,2,31043,8,0,0,0,0,0,0
109,1011,1,10001,-1,0,8,91002,500,2,90006,500,2,31043,5,0,0,0,0,0,0
110,1012,1,1,20,0,8,91002,5000,2,90006,5000,2,31022,30,0,0,0,0,0,0
111,1012,1,21,100,0,8,91002,4500,2,90006,4500,2,31022,25,0,0,0,0,0,0
112,1012,1,101,250,0,8,91002,4000,2,90006,4000,2,31022,20,0,0,0,0,0,0
113,1012,1,251,500,0,8,91002,3500,2,90006,3500,2,31022,18,0,0,0,0,0,0
114,1012,1,501,1000,0,8,91002,3000,2,90006,3000,2,31022,16,0,0,0,0,0,0
115,1012,1,1001,2000,0,8,91002,2500,2,90006,2500,2,31022,14,0,0,0,0,0,0
116,1012,1,2001,3000,0,8,91002,2000,2,90006,2000,2,31022,12,0,0,0,0,0,0
117,1012,1,3001,5000,0,8,91002,1500,2,90006,1500,2,31022,10,0,0,0,0,0,0
118,1012,1,5001,10000,0,8,91002,1000,2,90006,1000,2,31022,8,0,0,0,0,0,0
119,1012,1,10001,-1,0,8,91002,500,2,90006,500,2,31022,5,0,0,0,0,0,0
120,1013,1,1,20,0,8,91002,5000,2,90006,5000,2,31042,30,0,0,0,0,0,0
121,1013,1,21,100,0,8,91002,4500,2,90006,4500,2,31042,25,0,0,0,0,0,0
122,1013,1,101,250,0,8,91002,4000,2,90006,4000,2,31042,20,0,0,0,0,0,0
123,1013,1,251,500,0,8,91002,3500,2,90006,3500,2,31042,18,0,0,0,0,0,0
124,1013,1,501,1000,0,8,91002,3000,2,90006,3000,2,31042,16,0,0,0,0,0,0
125,1013,1,1001,2000,0,8,91002,2500,2,90006,2500,2,31042,14,0,0,0,0,0,0
126,1013,1,2001,3000,0,8,91002,2000,2,90006,2000,2,31042,12,0,0,0,0,0,0
127,1013,1,3001,5000,0,8,91002,1500,2,90006,1500,2,31042,10,0,0,0,0,0,0
128,1013,1,5001,10000,0,8,91002,1000,2,90006,1000,2,31042,8,0,0,0,0,0,0
129,1013,1,10001,-1,0,8,91002,500,2,90006,500,2,31042,5,0,0,0,0,0,0
130,1014,1,1,20,0,8,91002,5000,2,90006,5000,2,31018,30,0,0,0,0,0,0
131,1014,1,21,100,0,8,91002,4500,2,90006,4500,2,31018,25,0,0,0,0,0,0
132,1014,1,101,250,0,8,91002,4000,2,90006,4000,2,31018,20,0,0,0,0,0,0
133,1014,1,251,500,0,8,91002,3500,2,90006,3500,2,31018,18,0,0,0,0,0,0
134,1014,1,501,1000,0,8,91002,3000,2,90006,3000,2,31018,16,0,0,0,0,0,0
135,1014,1,1001,2000,0,8,91002,2500,2,90006,2500,2,31018,14,0,0,0,0,0,0
136,1014,1,2001,3000,0,8,91002,2000,2,90006,2000,2,31018,12,0,0,0,0,0,0
137,1014,1,3001,5000,0,8,91002,1500,2,90006,1500,2,31018,10,0,0,0,0,0,0
138,1014,1,5001,10000,0,8,91002,1000,2,90006,1000,2,31018,8,0,0,0,0,0,0
139,1014,1,10001,-1,0,8,91002,500,2,90006,500,2,31018,5,0,0,0,0,0,0
140,1015,1,1,20,0,8,91002,5000,2,90006,5000,2,31042,30,0,0,0,0,0,0
141,1015,1,21,100,0,8,91002,4500,2,90006,4500,2,31042,25,0,0,0,0,0,0
142,1015,1,101,250,0,8,91002,4000,2,90006,4000,2,31042,20,0,0,0,0,0,0
143,1015,1,251,500,0,8,91002,3500,2,90006,3500,2,31042,18,0,0,0,0,0,0
144,1015,1,501,1000,0,8,91002,3000,2,90006,3000,2,31042,16,0,0,0,0,0,0
145,1015,1,1001,2000,0,8,91002,2500,2,90006,2500,2,31042,14,0,0,0,0,0,0
146,1015,1,2001,3000,0,8,91002,2000,2,90006,2000,2,31042,12,0,0,0,0,0,0
147,1015,1,3001,5000,0,8,91002,1500,2,90006,1500,2,31042,10,0,0,0,0,0,0
148,1015,1,5001,10000,0,8,91002,1000,2,90006,1000,2,31042,8,0,0,0,0,0,0
149,1015,1,10001,-1,0,8,91002,500,2,90006,500,2,31042,5,0,0,0,0,0,0
150,1016,1,1,50,0,8,91002,5000,2,90006,5000,2,31025,30,0,0,0,0,0,0
151,1016,1,51,150,0,8,91002,4500,2,90006,4500,2,31025,25,0,0,0,0,0,0
152,1016,1,151,300,0,8,91002,4000,2,90006,4000,2,31025,20,0,0,0,0,0,0
153,1016,1,301,700,0,8,91002,3500,2,90006,3500,2,31025,18,0,0,0,0,0,0
154,1016,1,701,1300,0,8,91002,3000,2,90006,3000,2,31025,16,0,0,0,0,0,0
155,1016,1,1301,2500,0,8,91002,2500,2,90006,2500,2,31025,14,0,0,0,0,0,0
156,1016,1,2501,4000,0,8,91002,2000,2,90006,2000,2,31025,12,0,0,0,0,0,0
157,1016,1,4001,6000,0,8,91002,1500,2,90006,1500,2,31025,10,0,0,0,0,0,0
158,1016,1,6001,10000,0,8,91002,1000,2,90006,1000,2,31025,8,0,0,0,0,0,0
159,1016,1,10001,15000,0,8,91002,750,2,90006,750,2,31025,7,0,0,0,0,0,0
160,1016,1,15001,-1,0,8,91002,500,2,90006,500,2,31025,5,0,0,0,0,0,0
165,1017,1,1,50,0,8,91002,5000,2,90006,5000,2,31043,30,0,0,0,0,0,0
166,1017,1,51,150,0,8,91002,4500,2,90006,4500,2,31043,25,0,0,0,0,0,0
167,1017,1,151,300,0,8,91002,4000,2,90006,4000,2,31043,20,0,0,0,0,0,0
168,1017,1,301,700,0,8,91002,3500,2,90006,3500,2,31043,18,0,0,0,0,0,0
169,1017,1,701,1300,0,8,91002,3000,2,90006,3000,2,31043,16,0,0,0,0,0,0
170,1017,1,1301,2500,0,8,91002,2500,2,90006,2500,2,31043,14,0,0,0,0,0,0
171,1017,1,2501,4000,0,8,91002,2000,2,90006,2000,2,31043,12,0,0,0,0,0,0
172,1017,1,4001,6000,0,8,91002,1500,2,90006,1500,2,31043,10,0,0,0,0,0,0
173,1017,1,6001,10000,0,8,91002,1000,2,90006,1000,2,31043,8,0,0,0,0,0,0
174,1017,1,10001,15000,0,8,91002,750,2,90006,750,2,31043,7,0,0,0,0,0,0
175,1017,1,15001,-1,0,8,91002,500,2,90006,500,2,31043,5,0,0,0,0,0,0
176,1018,1,1,50,0,8,91002,5000,2,90006,5000,2,31022,30,0,0,0,0,0,0
177,1018,1,51,150,0,8,91002,4500,2,90006,4500,2,31022,25,0,0,0,0,0,0
178,1018,1,151,300,0,8,91002,4000,2,90006,4000,2,31022,20,0,0,0,0,0,0
179,1018,1,301,700,0,8,91002,3500,2,90006,3500,2,31022,18,0,0,0,0,0,0
180,1018,1,701,1300,0,8,91002,3000,2,90006,3000,2,31022,16,0,0,0,0,0,0
181,1018,1,1301,2500,0,8,91002,2500,2,90006,2500,2,31022,14,0,0,0,0,0,0
182,1018,1,2501,4000,0,8,91002,2000,2,90006,2000,2,31022,12,0,0,0,0,0,0
183,1018,1,4001,6000,0,8,91002,1500,2,90006,1500,2,31022,10,0,0,0,0,0,0
184,1018,1,6001,10000,0,8,91002,1000,2,90006,1000,2,31022,8,0,0,0,0,0,0
185,1018,1,10001,15000,0,8,91002,750,2,90006,750,2,31022,7,0,0,0,0,0,0
186,1018,1,15001,-1,0,8,91002,500,2,90006,500,2,31022,5,0,0,0,0,0,0
187,1019,1,1,50,0,8,91002,5000,2,90006,5000,2,31018,30,0,0,0,0,0,0
188,1019,1,51,150,0,8,91002,4500,2,90006,4500,2,31018,25,0,0,0,0,0,0
189,1019,1,151,300,0,8,91002,4000,2,90006,4000,2,31018,20,0,0,0,0,0,0
190,1019,1,301,700,0,8,91002,3500,2,90006,3500,2,31018,18,0,0,0,0,0,0
191,1019,1,701,1300,0,8,91002,3000,2,90006,3000,2,31018,16,0,0,0,0,0,0
192,1019,1,1301,2500,0,8,91002,2500,2,90006,2500,2,31018,14,0,0,0,0,0,0
193,1019,1,2501,4000,0,8,91002,2000,2,90006,2000,2,31018,12,0,0,0,0,0,0
194,1019,1,4001,6000,0,8,91002,1500,2,90006,1500,2,31018,10,0,0,0,0,0,0
195,1019,1,6001,10000,0,8,91002,1000,2,90006,1000,2,31018,8,0,0,0,0,0,0
196,1019,1,10001,15000,0,8,91002,750,2,90006,750,2,31018,7,0,0,0,0,0,0
197,1019,1,15001,-1,0,8,91002,500,2,90006,500,2,31018,5,0,0,0,0,0,0
198,1020,1,1,50,0,8,91002,5000,2,90006,5000,2,31042,30,0,0,0,0,0,0
199,1020,1,51,150,0,8,91002,4500,2,90006,4500,2,31042,25,0,0,0,0,0,0
200,1020,1,151,300,0,8,91002,4000,2,90006,4000,2,31042,20,0,0,0,0,0,0
201,1020,1,301,700,0,8,91002,3500,2,90006,3500,2,31042,18,0,0,0,0,0,0
202,1020,1,701,1300,0,8,91002,3000,2,90006,3000,2,31042,16,0,0,0,0,0,0
203,1020,1,1301,2500,0,8,91002,2500,2,90006,2500,2,31042,14,0,0,0,0,0,0
204,1020,1,2501,4000,0,8,91002,2000,2,90006,2000,2,31042,12,0,0,0,0,0,0
205,1020,1,4001,6000,0,8,91002,1500,2,90006,1500,2,31042,10,0,0,0,0,0,0
206,1020,1,6001,10000,0,8,91002,1000,2,90006,1000,2,31042,8,0,0,0,0,0,0
207,1020,1,10001,15000,0,8,91002,750,2,90006,750,2,31042,7,0,0,0,0,0,0
208,1020,1,15001,-1,0,8,91002,500,2,90006,500,2,31042,5,0,0,0,0,0,0
209,1021,1,1,50,0,8,91002,5000,2,90006,5000,2,31025,30,0,0,0,0,0,0
210,1021,1,51,150,0,8,91002,4500,2,90006,4500,2,31025,25,0,0,0,0,0,0
211,1021,1,151,300,0,8,91002,4000,2,90006,4000,2,31025,20,0,0,0,0,0,0
212,1021,1,301,700,0,8,91002,3500,2,90006,3500,2,31025,18,0,0,0,0,0,0
213,1021,1,701,1300,0,8,91002,3000,2,90006,3000,2,31025,16,0,0,0,0,0,0
214,1021,1,1301,2500,0,8,91002,2500,2,90006,2500,2,31025,14,0,0,0,0,0,0
215,1021,1,2501,4000,0,8,91002,2000,2,90006,2000,2,31025,12,0,0,0,0,0,0
216,1021,1,4001,6000,0,8,91002,1500,2,90006,1500,2,31025,10,0,0,0,0,0,0
217,1021,1,6001,10000,0,8,91002,1000,2,90006,1000,2,31025,8,0,0,0,0,0,0
218,1021,1,10001,15000,0,8,91002,750,2,90006,750,2,31025,7,0,0,0,0,0,0
219,1021,1,15001,-1,0,8,91002,500,2,90006,500,2,31025,5,0,0,0,0,0,0
220,1022,1,1,50,0,8,91002,5000,2,90006,5000,2,31018,30,0,0,0,0,0,0
221,1022,1,51,150,0,8,91002,4500,2,90006,4500,2,31018,25,0,0,0,0,0,0
222,1022,1,151,300,0,8,91002,4000,2,90006,4000,2,31018,20,0,0,0,0,0,0
223,1022,1,301,700,0,8,91002,3500,2,90006,3500,2,31018,18,0,0,0,0,0,0
224,1022,1,701,1300,0,8,91002,3000,2,90006,3000,2,31018,16,0,0,0,0,0,0
225,1022,1,1301,2500,0,8,91002,2500,2,90006,2500,2,31018,14,0,0,0,0,0,0
226,1022,1,2501,4000,0,8,91002,2000,2,90006,2000,2,31018,12,0,0,0,0,0,0
227,1022,1,4001,6000,0,8,91002,1500,2,90006,1500,2,31018,10,0,0,0,0,0,0
228,1022,1,6001,10000,0,8,91002,1000,2,90006,1000,2,31018,8,0,0,0,0,0,0
229,1022,1,10001,15000,0,8,91002,750,2,90006,750,2,31018,7,0,0,0,0,0,0
230,1022,1,15001,-1,0,8,91002,500,2,90006,500,2,31018,5,0,0,0,0,0,0
231,1023,1,1,50,0,8,91002,5000,2,90006,5000,2,31042,30,0,0,0,0,0,0
232,1023,1,51,150,0,8,91002,4500,2,90006,4500,2,31042,25,0,0,0,0,0,0
233,1023,1,151,300,0,8,91002,4000,2,90006,4000,2,31042,20,0,0,0,0,0,0
234,1023,1,301,700,0,8,91002,3500,2,90006,3500,2,31042,18,0,0,0,0,0,0
235,1023,1,701,1300,0,8,91002,3000,2,90006,3000,2,31042,16,0,0,0,0,0,0
236,1023,1,1301,2500,0,8,91002,2500,2,90006,2500,2,31042,14,0,0,0,0,0,0
237,1023,1,2501,4000,0,8,91002,2000,2,90006,2000,2,31042,12,0,0,0,0,0,0
238,1023,1,4001,6000,0,8,91002,1500,2,90006,1500,2,31042,10,0,0,0,0,0,0
239,1023,1,6001,10000,0,8,91002,1000,2,90006,1000,2,31042,8,0,0,0,0,0,0
240,1023,1,10001,15000,0,8,91002,750,2,90006,750,2,31042,7,0,0,0,0,0,0
241,1023,1,15001,-1,0,8,91002,500,2,90006,500,2,31042,5,0,0,0,0,0,0
242,1024,1,1,50,0,8,91002,5000,2,90006,5000,2,31043,30,0,0,0,0,0,0
243,1024,1,51,150,0,8,91002,4500,2,90006,4500,2,31043,25,0,0,0,0,0,0
244,1024,1,151,300,0,8,91002,4000,2,90006,4000,2,31043,20,0,0,0,0,0,0
245,1024,1,301,700,0,8,91002,3500,2,90006,3500,2,31043,18,0,0,0,0,0,0
246,1024,1,701,1500,0,8,91002,3000,2,90006,3000,2,31043,16,0,0,0,0,0,0
247,1024,1,1501,3000,0,8,91002,2500,2,90006,2500,2,31043,14,0,0,0,0,0,0
248,1024,1,3001,5000,0,8,91002,2000,2,90006,2000,2,31043,12,0,0,0,0,0,0
249,1024,1,5001,7000,0,8,91002,1500,2,90006,1500,2,31043,10,0,0,0,0,0,0
250,1024,1,7001,10000,0,8,91002,1000,2,90006,1000,2,31043,8,0,0,0,0,0,0
251,1024,1,10001,15000,0,8,91002,750,2,90006,750,2,31043,7,0,0,0,0,0,0
252,1024,1,15001,-1,0,8,91002,500,2,90006,500,2,31043,5,0,0,0,0,0,0
253,1025,1,1,50,0,8,91002,5000,2,90006,5000,2,31022,30,0,0,0,0,0,0
254,1025,1,51,150,0,8,91002,4500,2,90006,4500,2,31022,25,0,0,0,0,0,0
255,1025,1,151,300,0,8,91002,4000,2,90006,4000,2,31022,20,0,0,0,0,0,0
256,1025,1,301,700,0,8,91002,3500,2,90006,3500,2,31022,18,0,0,0,0,0,0
257,1025,1,701,1500,0,8,91002,3000,2,90006,3000,2,31022,16,0,0,0,0,0,0
258,1025,1,1501,3000,0,8,91002,2500,2,90006,2500,2,31022,14,0,0,0,0,0,0
259,1025,1,3001,5000,0,8,91002,2000,2,90006,2000,2,31022,12,0,0,0,0,0,0
260,1025,1,5001,7000,0,8,91002,1500,2,90006,1500,2,31022,10,0,0,0,0,0,0
261,1025,1,7001,10000,0,8,91002,1000,2,90006,1000,2,31022,8,0,0,0,0,0,0
262,1025,1,10001,15000,0,8,91002,750,2,90006,750,2,31022,7,0,0,0,0,0,0
263,1025,1,15001,-1,0,8,91002,500,2,90006,500,2,31022,5,0,0,0,0,0,0
264,1026,1,1,50,0,8,91002,5000,2,90006,5000,2,31025,30,0,0,0,0,0,0
265,1026,1,51,150,0,8,91002,4500,2,90006,4500,2,31025,25,0,0,0,0,0,0
266,1026,1,151,300,0,8,91002,4000,2,90006,4000,2,31025,20,0,0,0,0,0,0
267,1026,1,301,700,0,8,91002,3500,2,90006,3500,2,31025,18,0,0,0,0,0,0
268,1026,1,701,1500,0,8,91002,3000,2,90006,3000,2,31025,16,0,0,0,0,0,0
269,1026,1,1501,3000,0,8,91002,2500,2,90006,2500,2,31025,14,0,0,0,0,0,0
270,1026,1,3001,5000,0,8,91002,2000,2,90006,2000,2,31025,12,0,0,0,0,0,0
271,1026,1,5001,7000,0,8,91002,1500,2,90006,1500,2,31025,10,0,0,0,0,0,0
272,1026,1,7001,10000,0,8,91002,1000,2,90006,1000,2,31025,8,0,0,0,0,0,0
273,1026,1,10001,15000,0,8,91002,750,2,90006,750,2,31025,7,0,0,0,0,0,0
274,1026,1,15001,-1,0,8,91002,500,2,90006,500,2,31025,5,0,0,0,0,0,0
275,1027,1,1,50,0,8,91002,5000,2,90006,5000,2,31018,30,0,0,0,0,0,0
276,1027,1,51,150,0,8,91002,4500,2,90006,4500,2,31018,25,0,0,0,0,0,0
277,1027,1,151,300,0,8,91002,4000,2,90006,4000,2,31018,20,0,0,0,0,0,0
278,1027,1,301,700,0,8,91002,3500,2,90006,3500,2,31018,18,0,0,0,0,0,0
279,1027,1,701,1500,0,8,91002,3000,2,90006,3000,2,31018,16,0,0,0,0,0,0
280,1027,1,1501,3000,0,8,91002,2500,2,90006,2500,2,31018,14,0,0,0,0,0,0
281,1027,1,3001,5000,0,8,91002,2000,2,90006,2000,2,31018,12,0,0,0,0,0,0
282,1027,1,5001,7000,0,8,91002,1500,2,90006,1500,2,31018,10,0,0,0,0,0,0
283,1027,1,7001,10000,0,8,91002,1000,2,90006,1000,2,31018,8,0,0,0,0,0,0
284,1027,1,10001,15000,0,8,91002,750,2,90006,750,2,31018,7,0,0,0,0,0,0
285,1027,1,15001,-1,0,8,91002,500,2,90006,500,2,31018,5,0,0,0,0,0,0
286,1028,1,1,50,0,8,91002,5000,2,90006,5000,2,31042,30,0,0,0,0,0,0
287,1028,1,51,150,0,8,91002,4500,2,90006,4500,2,31042,25,0,0,0,0,0,0
288,1028,1,151,300,0,8,91002,4000,2,90006,4000,2,31042,20,0,0,0,0,0,0
289,1028,1,301,700,0,8,91002,3500,2,90006,3500,2,31042,18,0,0,0,0,0,0
290,1028,1,701,1500,0,8,91002,3000,2,90006,3000,2,31042,16,0,0,0,0,0,0
291,1028,1,1501,3000,0,8,91002,2500,2,90006,2500,2,31042,14,0,0,0,0,0,0
292,1028,1,3001,5000,0,8,91002,2000,2,90006,2000,2,31042,12,0,0,0,0,0,0
293,1028,1,5001,7000,0,8,91002,1500,2,90006,1500,2,31042,10,0,0,0,0,0,0
294,1028,1,7001,10000,0,8,91002,1000,2,90006,1000,2,31042,8,0,0,0,0,0,0
295,1028,1,10001,15000,0,8,91002,750,2,90006,750,2,31042,7,0,0,0,0,0,0
296,1028,1,15001,-1,0,8,91002,500,2,90006,500,2,31042,5,0,0,0,0,0,0
297,1029,1,1,50,0,8,91002,5500,2,90006,5500,2,31043,35,0,0,0,0,0,0
298,1029,1,51,150,0,8,91002,5000,2,90006,5000,2,31043,30,0,0,0,0,0,0
299,1029,1,151,300,0,8,91002,4500,2,90006,4500,2,31043,25,0,0,0,0,0,0
300,1029,1,301,700,0,8,91002,4000,2,90006,4000,2,31043,20,0,0,0,0,0,0
301,1029,1,701,1500,0,8,91002,3500,2,90006,3500,2,31043,18,0,0,0,0,0,0
302,1029,1,1501,3000,0,8,91002,3000,2,90006,3000,2,31043,16,0,0,0,0,0,0
303,1029,1,3001,5000,0,8,91002,2500,2,90006,2500,2,31043,14,0,0,0,0,0,0
304,1029,1,5001,7000,0,8,91002,2000,2,90006,2000,2,31043,12,0,0,0,0,0,0
305,1029,1,7001,10000,0,8,91002,1500,2,90006,1500,2,31043,10,0,0,0,0,0,0
306,1029,1,10001,15000,0,8,91002,1000,2,90006,1000,2,31043,8,0,0,0,0,0,0
307,1029,1,15001,-1,0,8,91002,750,2,90006,750,2,31043,7,0,0,0,0,0,0
308,1030,1,1,50,0,8,91002,5000,2,90006,5000,2,31025,30,0,0,0,0,0,0
309,1030,1,51,150,0,8,91002,4500,2,90006,4500,2,31025,25,0,0,0,0,0,0
310,1030,1,151,300,0,8,91002,4000,2,90006,4000,2,31025,20,0,0,0,0,0,0
311,1030,1,301,700,0,8,91002,3500,2,90006,3500,2,31025,18,0,0,0,0,0,0
312,1030,1,701,1500,0,8,91002,3000,2,90006,3000,2,31025,16,0,0,0,0,0,0
313,1030,1,1501,3000,0,8,91002,2500,2,90006,2500,2,31025,14,0,0,0,0,0,0
314,1030,1,3001,5000,0,8,91002,2000,2,90006,2000,2,31025,12,0,0,0,0,0,0
315,1030,1,5001,7000,0,8,91002,1500,2,90006,1500,2,31025,10,0,0,0,0,0,0
316,1030,1,7001,10000,0,8,91002,1000,2,90006,1000,2,31025,8,0,0,0,0,0,0
317,1030,1,10001,15000,0,8,91002,750,2,90006,750,2,31025,7,0,0,0,0,0,0
318,1030,1,15001,-1,0,8,91002,500,2,90006,500,2,31025,5,0,0,0,0,0,0
319,1031,1,1,50,0,8,91002,5000,2,90006,5000,2,31022,30,0,0,0,0,0,0
320,1031,1,51,150,0,8,91002,4500,2,90006,4500,2,31022,25,0,0,0,0,0,0
321,1031,1,151,300,0,8,91002,4000,2,90006,4000,2,31022,20,0,0,0,0,0,0
322,1031,1,301,700,0,8,91002,3500,2,90006,3500,2,31022,18,0,0,0,0,0,0
323,1031,1,701,1500,0,8,91002,3000,2,90006,3000,2,31022,16,0,0,0,0,0,0
324,1031,1,1501,3000,0,8,91002,2500,2,90006,2500,2,31022,14,0,0,0,0,0,0
325,1031,1,3001,5000,0,8,91002,2000,2,90006,2000,2,31022,12,0,0,0,0,0,0
326,1031,1,5001,7000,0,8,91002,1500,2,90006,1500,2,31022,10,0,0,0,0,0,0
327,1031,1,7001,10000,0,8,91002,1000,2,90006,1000,2,31022,8,0,0,0,0,0,0
328,1031,1,10001,15000,0,8,91002,750,2,90006,750,2,31022,7,0,0,0,0,0,0
329,1031,1,15001,-1,0,8,91002,500,2,90006,500,2,31022,5,0,0,0,0,0,0
330,1032,1,1,50,0,8,91002,5000,2,90006,5000,2,31018,30,0,0,0,0,0,0
331,1032,1,51,150,0,8,91002,4500,2,90006,4500,2,31018,25,0,0,0,0,0,0
332,1032,1,151,300,0,8,91002,4000,2,90006,4000,2,31018,20,0,0,0,0,0,0
333,1032,1,301,700,0,8,91002,3500,2,90006,3500,2,31018,18,0,0,0,0,0,0
334,1032,1,701,1500,0,8,91002,3000,2,90006,3000,2,31018,16,0,0,0,0,0,0
335,1032,1,1501,3000,0,8,91002,2500,2,90006,2500,2,31018,14,0,0,0,0,0,0
336,1032,1,3001,5000,0,8,91002,2000,2,90006,2000,2,31018,12,0,0,0,0,0,0
337,1032,1,5001,7000,0,8,91002,1500,2,90006,1500,2,31018,10,0,0,0,0,0,0
338,1032,1,7001,10000,0,8,91002,1000,2,90006,1000,2,31018,8,0,0,0,0,0,0
339,1032,1,10001,15000,0,8,91002,750,2,90006,750,2,31018,7,0,0,0,0,0,0
340,1032,1,15001,-1,0,8,91002,500,2,90006,500,2,31018,5,0,0,0,0,0,0
341,1033,1,1,50,0,8,91002,5000,2,90006,5000,2,31042,30,0,0,0,0,0,0
342,1033,1,51,150,0,8,91002,4500,2,90006,4500,2,31042,25,0,0,0,0,0,0
343,1033,1,151,300,0,8,91002,4000,2,90006,4000,2,31042,20,0,0,0,0,0,0
344,1033,1,301,700,0,8,91002,3500,2,90006,3500,2,31042,18,0,0,0,0,0,0
345,1033,1,701,1500,0,8,91002,3000,2,90006,3000,2,31042,16,0,0,0,0,0,0
346,1033,1,1501,3000,0,8,91002,2500,2,90006,2500,2,31042,14,0,0,0,0,0,0
347,1033,1,3001,5000,0,8,91002,2000,2,90006,2000,2,31042,12,0,0,0,0,0,0
348,1033,1,5001,7000,0,8,91002,1500,2,90006,1500,2,31042,10,0,0,0,0,0,0
349,1033,1,7001,10000,0,8,91002,1000,2,90006,1000,2,31042,8,0,0,0,0,0,0
350,1033,1,10001,15000,0,8,91002,750,2,90006,750,2,31042,7,0,0,0,0,0,0
351,1033,1,15001,-1,0,8,91002,500,2,90006,500,2,31042,5,0,0,0,0,0,0
352,1034,1,1,50,0,8,91002,5000,2,90006,5000,2,31043,30,0,0,0,0,0,0
353,1034,1,51,150,0,8,91002,4500,2,90006,4500,2,31043,25,0,0,0,0,0,0
354,1034,1,151,300,0,8,91002,4000,2,90006,4000,2,31043,20,0,0,0,0,0,0
355,1034,1,301,700,0,8,91002,3500,2,90006,3500,2,31043,18,0,0,0,0,0,0
356,1034,1,701,1500,0,8,91002,3000,2,90006,3000,2,31043,16,0,0,0,0,0,0
357,1034,1,1501,3000,0,8,91002,2500,2,90006,2500,2,31043,14,0,0,0,0,0,0
358,1034,1,3001,5000,0,8,91002,2000,2,90006,2000,2,31043,12,0,0,0,0,0,0
359,1034,1,5001,7000,0,8,91002,1500,2,90006,1500,2,31043,10,0,0,0,0,0,0
360,1034,1,7001,10000,0,8,91002,1000,2,90006,1000,2,31043,8,0,0,0,0,0,0
361,1034,1,10001,15000,0,8,91002,750,2,90006,750,2,31043,7,0,0,0,0,0,0
362,1034,1,15001,-1,0,8,91002,500,2,90006,500,2,31043,5,0,0,0,0,0,0
363,1035,1,1,50,0,8,91002,5000,2,90006,5000,2,31025,30,0,0,0,0,0,0
364,1035,1,51,150,0,8,91002,4500,2,90006,4500,2,31025,25,0,0,0,0,0,0
365,1035,1,151,300,0,8,91002,4000,2,90006,4000,2,31025,20,0,0,0,0,0,0
366,1035,1,301,700,0,8,91002,3500,2,90006,3500,2,31025,18,0,0,0,0,0,0
367,1035,1,701,1500,0,8,91002,3000,2,90006,3000,2,31025,16,0,0,0,0,0,0
368,1035,1,1501,3000,0,8,91002,2500,2,90006,2500,2,31025,14,0,0,0,0,0,0
369,1035,1,3001,5000,0,8,91002,2000,2,90006,2000,2,31025,12,0,0,0,0,0,0
370,1035,1,5001,7000,0,8,91002,1500,2,90006,1500,2,31025,10,0,0,0,0,0,0
371,1035,1,7001,10000,0,8,91002,1000,2,90006,1000,2,31025,8,0,0,0,0,0,0
372,1035,1,10001,15000,0,8,91002,750,2,90006,750,2,31025,7,0,0,0,0,0,0
373,1035,1,15001,-1,0,8,91002,500,2,90006,500,2,31025,5,0,0,0,0,0,0
374,1036,1,1,50,0,8,91002,5000,2,90006,5000,2,31022,30,0,0,0,0,0,0
375,1036,1,51,150,0,8,91002,4500,2,90006,4500,2,31022,25,0,0,0,0,0,0
376,1036,1,151,300,0,8,91002,4000,2,90006,4000,2,31022,20,0,0,0,0,0,0
377,1036,1,301,700,0,8,91002,3500,2,90006,3500,2,31022,18,0,0,0,0,0,0
378,1036,1,701,1500,0,8,91002,3000,2,90006,3000,2,31022,16,0,0,0,0,0,0
379,1036,1,1501,3000,0,8,91002,2500,2,90006,2500,2,31022,14,0,0,0,0,0,0
380,1036,1,3001,5000,0,8,91002,2000,2,90006,2000,2,31022,12,0,0,0,0,0,0
381,1036,1,5001,7000,0,8,91002,1500,2,90006,1500,2,31022,10,0,0,0,0,0,0
382,1036,1,7001,10000,0,8,91002,1000,2,90006,1000,2,31022,8,0,0,0,0,0,0
383,1036,1,10001,15000,0,8,91002,750,2,90006,750,2,31022,7,0,0,0,0,0,0
384,1036,1,15001,-1,0,8,91002,500,2,90006,500,2,31022,5,0,0,0,0,0,0
385,1037,1,1,100,0,8,91002,5000,2,90006,5000,2,31018,30,0,0,0,0,0,0
386,1037,1,101,300,0,8,91002,4500,2,90006,4500,2,31018,25,0,0,0,0,0,0
387,1037,1,301,500,0,8,91002,4000,2,90006,4000,2,31018,20,0,0,0,0,0,0
388,1037,1,501,1000,0,8,91002,3500,2,90006,3500,2,31018,18,0,0,0,0,0,0
389,1037,1,1001,2000,0,8,91002,3000,2,90006,3000,2,31018,16,0,0,0,0,0,0
390,1037,1,2001,4500,0,8,91002,2500,2,90006,2500,2,31018,14,0,0,0,0,0,0
391,1037,1,4501,7000,0,8,91002,2000,2,90006,2000,2,31018,12,0,0,0,0,0,0
392,1037,1,7001,10000,0,8,91002,1500,2,90006,1500,2,31018,10,0,0,0,0,0,0
393,1037,1,10001,15000,0,8,91002,1000,2,90006,1000,2,31018,8,0,0,0,0,0,0
394,1037,1,15001,20000,0,8,91002,750,2,90006,750,2,31018,7,0,0,0,0,0,0
395,1037,1,20001,-1,0,8,91002,500,2,90006,500,2,31018,5,0,0,0,0,0,0
396,1038,1,1,100,0,8,91002,5000,2,90006,5000,2,31043,30,0,0,0,0,0,0
397,1038,1,101,300,0,8,91002,4500,2,90006,4500,2,31043,25,0,0,0,0,0,0
398,1038,1,301,500,0,8,91002,4000,2,90006,4000,2,31043,20,0,0,0,0,0,0
399,1038,1,501,1000,0,8,91002,3500,2,90006,3500,2,31043,18,0,0,0,0,0,0
400,1038,1,1001,2000,0,8,91002,3000,2,90006,3000,2,31043,16,0,0,0,0,0,0
401,1038,1,2001,4500,0,8,91002,2500,2,90006,2500,2,31043,14,0,0,0,0,0,0
402,1038,1,4501,7000,0,8,91002,2000,2,90006,2000,2,31043,12,0,0,0,0,0,0
403,1038,1,7001,10000,0,8,91002,1500,2,90006,1500,2,31043,10,0,0,0,0,0,0
404,1038,1,10001,15000,0,8,91002,1000,2,90006,1000,2,31043,8,0,0,0,0,0,0
405,1038,1,15001,20000,0,8,91002,750,2,90006,750,2,31043,7,0,0,0,0,0,0
406,1038,1,20001,-1,0,8,91002,500,2,90006,500,2,31043,5,0,0,0,0,0,0
407,1039,1,1,100,0,8,91002,5000,2,90006,5000,2,31025,30,0,0,0,0,0,0
408,1039,1,101,300,0,8,91002,4500,2,90006,4500,2,31025,25,0,0,0,0,0,0
409,1039,1,301,500,0,8,91002,4000,2,90006,4000,2,31025,20,0,0,0,0,0,0
410,1039,1,501,1000,0,8,91002,3500,2,90006,3500,2,31025,18,0,0,0,0,0,0
411,1039,1,1001,2000,0,8,91002,3000,2,90006,3000,2,31025,16,0,0,0,0,0,0
412,1039,1,2001,4500,0,8,91002,2500,2,90006,2500,2,31025,14,0,0,0,0,0,0
413,1039,1,4501,7000,0,8,91002,2000,2,90006,2000,2,31025,12,0,0,0,0,0,0
414,1039,1,7001,10000,0,8,91002,1500,2,90006,1500,2,31025,10,0,0,0,0,0,0
415,1039,1,10001,15000,0,8,91002,1000,2,90006,1000,2,31025,8,0,0,0,0,0,0
416,1039,1,15001,20000,0,8,91002,750,2,90006,750,2,31025,7,0,0,0,0,0,0
417,1039,1,20001,-1,0,8,91002,500,2,90006,500,2,31025,5,0,0,0,0,0,0
418,1040,1,1,100,0,8,91002,5000,2,90006,5000,2,31042,30,0,0,0,0,0,0
419,1040,1,101,300,0,8,91002,4500,2,90006,4500,2,31042,25,0,0,0,0,0,0
420,1040,1,301,500,0,8,91002,4000,2,90006,4000,2,31042,20,0,0,0,0,0,0
421,1040,1,501,1000,0,8,91002,3500,2,90006,3500,2,31042,18,0,0,0,0,0,0
422,1040,1,1001,2000,0,8,91002,3000,2,90006,3000,2,31042,16,0,0,0,0,0,0
423,1040,1,2001,4500,0,8,91002,2500,2,90006,2500,2,31042,14,0,0,0,0,0,0
424,1040,1,4501,7000,0,8,91002,2000,2,90006,2000,2,31042,12,0,0,0,0,0,0
425,1040,1,7001,10000,0,8,91002,1500,2,90006,1500,2,31042,10,0,0,0,0,0,0
426,1040,1,10001,15000,0,8,91002,1000,2,90006,1000,2,31042,8,0,0,0,0,0,0
427,1040,1,15001,20000,0,8,91002,750,2,90006,750,2,31042,7,0,0,0,0,0,0
428,1040,1,20001,-1,0,8,91002,500,2,90006,500,2,31042,5,0,0,0,0,0,0
429,1041,1,1,100,0,8,91002,5000,2,90006,5000,2,31022,30,0,0,0,0,0,0
430,1041,1,101,300,0,8,91002,4500,2,90006,4500,2,31022,25,0,0,0,0,0,0
431,1041,1,301,500,0,8,91002,4000,2,90006,4000,2,31022,20,0,0,0,0,0,0
432,1041,1,501,1000,0,8,91002,3500,2,90006,3500,2,31022,18,0,0,0,0,0,0
433,1041,1,1001,2000,0,8,91002,3000,2,90006,3000,2,31022,16,0,0,0,0,0,0
434,1041,1,2001,4500,0,8,91002,2500,2,90006,2500,2,31022,14,0,0,0,0,0,0
435,1041,1,4501,7000,0,8,91002,2000,2,90006,2000,2,31022,12,0,0,0,0,0,0
436,1041,1,7001,10000,0,8,91002,1500,2,90006,1500,2,31022,10,0,0,0,0,0,0
437,1041,1,10001,15000,0,8,91002,1000,2,90006,1000,2,31022,8,0,0,0,0,0,0
438,1041,1,15001,20000,0,8,91002,750,2,90006,750,2,31022,7,0,0,0,0,0,0
439,1041,1,20001,-1,0,8,91002,500,2,90006,500,2,31022,5,0,0,0,0,0,0
440,1042,1,1,100,0,8,91002,5000,2,90006,5000,2,31043,30,0,0,0,0,0,0
441,1042,1,101,300,0,8,91002,4500,2,90006,4500,2,31043,25,0,0,0,0,0,0
442,1042,1,301,500,0,8,91002,4000,2,90006,4000,2,31043,20,0,0,0,0,0,0
443,1042,1,501,1000,0,8,91002,3500,2,90006,3500,2,31043,18,0,0,0,0,0,0
444,1042,1,1001,2000,0,8,91002,3000,2,90006,3000,2,31043,16,0,0,0,0,0,0
445,1042,1,2001,4500,0,8,91002,2500,2,90006,2500,2,31043,14,0,0,0,0,0,0
446,1042,1,4501,7000,0,8,91002,2000,2,90006,2000,2,31043,12,0,0,0,0,0,0
447,1042,1,7001,10000,0,8,91002,1500,2,90006,1500,2,31043,10,0,0,0,0,0,0
448,1042,1,10001,15000,0,8,91002,1000,2,90006,1000,2,31043,8,0,0,0,0,0,0
449,1042,1,15001,20000,0,8,91002,750,2,90006,750,2,31043,7,0,0,0,0,0,0
450,1042,1,20001,-1,0,8,91002,500,2,90006,500,2,31043,5,0,0,0,0,0,0
451,1043,1,1,100,0,8,91002,5000,2,90006,5000,2,31018,30,0,0,0,0,0,0
452,1043,1,101,300,0,8,91002,4500,2,90006,4500,2,31018,25,0,0,0,0,0,0
453,1043,1,301,500,0,8,91002,4000,2,90006,4000,2,31018,20,0,0,0,0,0,0
454,1043,1,501,1000,0,8,91002,3500,2,90006,3500,2,31018,18,0,0,0,0,0,0
455,1043,1,1001,2000,0,8,91002,3000,2,90006,3000,2,31018,16,0,0,0,0,0,0
456,1043,1,2001,4500,0,8,91002,2500,2,90006,2500,2,31018,14,0,0,0,0,0,0
457,1043,1,4501,7000,0,8,91002,2000,2,90006,2000,2,31018,12,0,0,0,0,0,0
458,1043,1,7001,10000,0,8,91002,1500,2,90006,1500,2,31018,10,0,0,0,0,0,0
459,1043,1,10001,15000,0,8,91002,1000,2,90006,1000,2,31018,8,0,0,0,0,0,0
460,1043,1,15001,20000,0,8,91002,750,2,90006,750,2,31018,7,0,0,0,0,0,0
461,1043,1,20001,-1,0,8,91002,500,2,90006,500,2,31018,5,0,0,0,0,0,0
462,1044,1,1,100,0,8,91002,5000,2,90006,5000,2,31025,30,0,0,0,0,0,0
463,1044,1,101,300,0,8,91002,4500,2,90006,4500,2,31025,25,0,0,0,0,0,0
464,1044,1,301,500,0,8,91002,4000,2,90006,4000,2,31025,20,0,0,0,0,0,0
465,1044,1,501,1000,0,8,91002,3500,2,90006,3500,2,31025,18,0,0,0,0,0,0
466,1044,1,1001,2000,0,8,91002,3000,2,90006,3000,2,31025,16,0,0,0,0,0,0
467,1044,1,2001,4500,0,8,91002,2500,2,90006,2500,2,31025,14,0,0,0,0,0,0
468,1044,1,4501,7000,0,8,91002,2000,2,90006,2000,2,31025,12,0,0,0,0,0,0
469,1044,1,7001,10000,0,8,91002,1500,2,90006,1500,2,31025,10,0,0,0,0,0,0
470,1044,1,10001,15000,0,8,91002,1000,2,90006,1000,2,31025,8,0,0,0,0,0,0
471,1044,1,15001,20000,0,8,91002,750,2,90006,750,2,31025,7,0,0,0,0,0,0
472,1044,1,20001,-1,0,8,91002,500,2,90006,500,2,31025,5,0,0,0,0,0,0
473,1045,1,1,100,0,8,91002,5000,2,90006,5000,2,31042,30,0,0,0,0,0,0
474,1045,1,101,300,0,8,91002,4500,2,90006,4500,2,31042,25,0,0,0,0,0,0
475,1045,1,301,500,0,8,91002,4000,2,90006,4000,2,31042,20,0,0,0,0,0,0
476,1045,1,501,1000,0,8,91002,3500,2,90006,3500,2,31042,18,0,0,0,0,0,0
477,1045,1,1001,2000,0,8,91002,3000,2,90006,3000,2,31042,16,0,0,0,0,0,0
478,1045,1,2001,4500,0,8,91002,2500,2,90006,2500,2,31042,14,0,0,0,0,0,0
479,1045,1,4501,7000,0,8,91002,2000,2,90006,2000,2,31042,12,0,0,0,0,0,0
480,1045,1,7001,10000,0,8,91002,1500,2,90006,1500,2,31042,10,0,0,0,0,0,0
481,1045,1,10001,15000,0,8,91002,1000,2,90006,1000,2,31042,8,0,0,0,0,0,0
482,1045,1,15001,20000,0,8,91002,750,2,90006,750,2,31042,7,0,0,0,0,0,0
483,1045,1,20001,-1,0,8,91002,500,2,90006,500,2,31042,5,0,0,0,0,0,0
484,1046,1,1,100,0,8,91002,5000,2,90006,5000,2,31022,30,0,0,0,0,0,0
485,1046,1,101,300,0,8,91002,4500,2,90006,4500,2,31022,25,0,0,0,0,0,0
486,1046,1,301,500,0,8,91002,4000,2,90006,4000,2,31022,20,0,0,0,0,0,0
487,1046,1,501,1000,0,8,91002,3500,2,90006,3500,2,31022,18,0,0,0,0,0,0
488,1046,1,1001,2000,0,8,91002,3000,2,90006,3000,2,31022,16,0,0,0,0,0,0
489,1046,1,2001,4500,0,8,91002,2500,2,90006,2500,2,31022,14,0,0,0,0,0,0
490,1046,1,4501,7000,0,8,91002,2000,2,90006,2000,2,31022,12,0,0,0,0,0,0
491,1046,1,7001,10000,0,8,91002,1500,2,90006,1500,2,31022,10,0,0,0,0,0,0
492,1046,1,10001,15000,0,8,91002,1000,2,90006,1000,2,31022,8,0,0,0,0,0,0
493,1046,1,15001,20000,0,8,91002,750,2,90006,750,2,31022,7,0,0,0,0,0,0
494,1046,1,20001,-1,0,8,91002,500,2,90006,500,2,31022,5,0,0,0,0,0,0
495,1047,1,1,100,0,8,91002,5000,2,90006,5000,2,31043,30,0,0,0,0,0,0
496,1047,1,101,300,0,8,91002,4500,2,90006,4500,2,31043,25,0,0,0,0,0,0
497,1047,1,301,500,0,8,91002,4000,2,90006,4000,2,31043,20,0,0,0,0,0,0
498,1047,1,501,1000,0,8,91002,3500,2,90006,3500,2,31043,18,0,0,0,0,0,0
499,1047,1,1001,2000,0,8,91002,3000,2,90006,3000,2,31043,16,0,0,0,0,0,0
500,1047,1,2001,4500,0,8,91002,2500,2,90006,2500,2,31043,14,0,0,0,0,0,0
501,1047,1,4501,7000,0,8,91002,2000,2,90006,2000,2,31043,12,0,0,0,0,0,0
502,1047,1,7001,10000,0,8,91002,1500,2,90006,1500,2,31043,10,0,0,0,0,0,0
503,1047,1,10001,15000,0,8,91002,1000,2,90006,1000,2,31043,8,0,0,0,0,0,0
504,1047,1,15001,20000,0,8,91002,750,2,90006,750,2,31043,7,0,0,0,0,0,0
505,1047,1,20001,-1,0,8,91002,500,2,90006,500,2,31043,5,0,0,0,0,0,0
506,1048,1,1,100,0,8,91002,5000,2,90006,5000,2,31018,30,0,0,0,0,0,0
507,1048,1,101,300,0,8,91002,4500,2,90006,4500,2,31018,25,0,0,0,0,0,0
508,1048,1,301,500,0,8,91002,4000,2,90006,4000,2,31018,20,0,0,0,0,0,0
509,1048,1,501,1000,0,8,91002,3500,2,90006,3500,2,31018,18,0,0,0,0,0,0
510,1048,1,1001,2000,0,8,91002,3000,2,90006,3000,2,31018,16,0,0,0,0,0,0
511,1048,1,2001,4500,0,8,91002,2500,2,90006,2500,2,31018,14,0,0,0,0,0,0
512,1048,1,4501,7000,0,8,91002,2000,2,90006,2000,2,31018,12,0,0,0,0,0,0
513,1048,1,7001,10000,0,8,91002,1500,2,90006,1500,2,31018,10,0,0,0,0,0,0
514,1048,1,10001,15000,0,8,91002,1000,2,90006,1000,2,31018,8,0,0,0,0,0,0
515,1048,1,15001,20000,0,8,91002,750,2,90006,750,2,31018,7,0,0,0,0,0,0
516,1048,1,20001,-1,0,8,91002,500,2,90006,500,2,31018,5,0,0,0,0,0,0
517,1049,1,1,100,0,8,91002,5000,2,90006,5000,2,31145,30,0,0,0,0,0,0
518,1049,1,101,300,0,8,91002,4500,2,90006,4500,2,31145,25,0,0,0,0,0,0
519,1049,1,301,500,0,8,91002,4000,2,90006,4000,2,31145,20,0,0,0,0,0,0
520,1049,1,501,1000,0,8,91002,3500,2,90006,3500,2,31145,18,0,0,0,0,0,0
521,1049,1,1001,2000,0,8,91002,3000,2,90006,3000,2,31145,16,0,0,0,0,0,0
522,1049,1,2001,4500,0,8,91002,2500,2,90006,2500,2,31145,14,0,0,0,0,0,0
523,1049,1,4501,7000,0,8,91002,2000,2,90006,2000,2,31145,12,0,0,0,0,0,0
524,1049,1,7001,10000,0,8,91002,1500,2,90006,1500,2,31145,10,0,0,0,0,0,0
525,1049,1,10001,15000,0,8,91002,1000,2,90006,1000,2,31145,8,0,0,0,0,0,0
526,1049,1,15001,20000,0,8,91002,750,2,90006,750,2,31145,7,0,0,0,0,0,0
527,1049,1,20001,-1,0,8,91002,500,2,90006,500,2,31145,5,0,0,0,0,0,0
528,1050,1,1,100,0,8,91002,5000,2,90006,5000,2,31025,30,0,0,0,0,0,0
529,1050,1,101,300,0,8,91002,4500,2,90006,4500,2,31025,25,0,0,0,0,0,0
530,1050,1,301,500,0,8,91002,4000,2,90006,4000,2,31025,20,0,0,0,0,0,0
531,1050,1,501,1000,0,8,91002,3500,2,90006,3500,2,31025,18,0,0,0,0,0,0
532,1050,1,1001,2000,0,8,91002,3000,2,90006,3000,2,31025,16,0,0,0,0,0,0
533,1050,1,2001,4500,0,8,91002,2500,2,90006,2500,2,31025,14,0,0,0,0,0,0
534,1050,1,4501,7000,0,8,91002,2000,2,90006,2000,2,31025,12,0,0,0,0,0,0
535,1050,1,7001,10000,0,8,91002,1500,2,90006,1500,2,31025,10,0,0,0,0,0,0
536,1050,1,10001,15000,0,8,91002,1000,2,90006,1000,2,31025,8,0,0,0,0,0,0
537,1050,1,15001,20000,0,8,91002,750,2,90006,750,2,31025,7,0,0,0,0,0,0
538,1050,1,20001,-1,0,8,91002,500,2,90006,500,2,31025,5,0,0,0,0,0,0
539,1051,1,1,100,0,8,91002,5000,2,90006,5000,2,31042,30,0,0,0,0,0,0
540,1051,1,101,300,0,8,91002,4500,2,90006,4500,2,31042,25,0,0,0,0,0,0
541,1051,1,301,500,0,8,91002,4000,2,90006,4000,2,31042,20,0,0,0,0,0,0
542,1051,1,501,1000,0,8,91002,3500,2,90006,3500,2,31042,18,0,0,0,0,0,0
543,1051,1,1001,2000,0,8,91002,3000,2,90006,3000,2,31042,16,0,0,0,0,0,0
544,1051,1,2001,4500,0,8,91002,2500,2,90006,2500,2,31042,14,0,0,0,0,0,0
545,1051,1,4501,7000,0,8,91002,2000,2,90006,2000,2,31042,12,0,0,0,0,0,0
546,1051,1,7001,10000,0,8,91002,1500,2,90006,1500,2,31042,10,0,0,0,0,0,0
547,1051,1,10001,15000,0,8,91002,1000,2,90006,1000,2,31042,8,0,0,0,0,0,0
548,1051,1,15001,20000,0,8,91002,750,2,90006,750,2,31042,7,0,0,0,0,0,0
549,1051,1,20001,-1,0,8,91002,500,2,90006,500,2,31042,5,0,0,0,0,0,0
550,1052,1,1,100,0,8,91002,5000,2,90006,5000,2,31022,30,0,0,0,0,0,0
551,1052,1,101,300,0,8,91002,4500,2,90006,4500,2,31022,25,0,0,0,0,0,0
552,1052,1,301,500,0,8,91002,4000,2,90006,4000,2,31022,20,0,0,0,0,0,0
553,1052,1,501,1000,0,8,91002,3500,2,90006,3500,2,31022,18,0,0,0,0,0,0
554,1052,1,1001,2000,0,8,91002,3000,2,90006,3000,2,31022,16,0,0,0,0,0,0
555,1052,1,2001,4500,0,8,91002,2500,2,90006,2500,2,31022,14,0,0,0,0,0,0
556,1052,1,4501,7000,0,8,91002,2000,2,90006,2000,2,31022,12,0,0,0,0,0,0
557,1052,1,7001,10000,0,8,91002,1500,2,90006,1500,2,31022,10,0,0,0,0,0,0
558,1052,1,10001,15000,0,8,91002,1000,2,90006,1000,2,31022,8,0,0,0,0,0,0
559,1052,1,15001,20000,0,8,91002,750,2,90006,750,2,31022,7,0,0,0,0,0,0
560,1052,1,20001,-1,0,8,91002,500,2,90006,500,2,31022,5,0,0,0,0,0,0
561,1053,1,1,100,0,8,91002,5000,2,90006,5000,2,31043,30,0,0,0,0,0,0
562,1053,1,101,300,0,8,91002,4500,2,90006,4500,2,31043,25,0,0,0,0,0,0
563,1053,1,301,500,0,8,91002,4000,2,90006,4000,2,31043,20,0,0,0,0,0,0
564,1053,1,501,1000,0,8,91002,3500,2,90006,3500,2,31043,18,0,0,0,0,0,0
565,1053,1,1001,2000,0,8,91002,3000,2,90006,3000,2,31043,16,0,0,0,0,0,0
566,1053,1,2001,4500,0,8,91002,2500,2,90006,2500,2,31043,14,0,0,0,0,0,0
567,1053,1,4501,7000,0,8,91002,2000,2,90006,2000,2,31043,12,0,0,0,0,0,0
568,1053,1,7001,10000,0,8,91002,1500,2,90006,1500,2,31043,10,0,0,0,0,0,0
569,1053,1,10001,15000,0,8,91002,1000,2,90006,1000,2,31043,8,0,0,0,0,0,0
570,1053,1,15001,20000,0,8,91002,750,2,90006,750,2,31043,7,0,0,0,0,0,0
571,1053,1,20001,-1,0,8,91002,500,2,90006,500,2,31043,5,0,0,0,0,0,0
572,1054,1,1,100,0,8,91002,5000,2,90006,5000,2,31018,30,0,0,0,0,0,0
573,1054,1,101,300,0,8,91002,4500,2,90006,4500,2,31018,25,0,0,0,0,0,0
574,1054,1,301,500,0,8,91002,4000,2,90006,4000,2,31018,20,0,0,0,0,0,0
575,1054,1,501,1000,0,8,91002,3500,2,90006,3500,2,31018,18,0,0,0,0,0,0
576,1054,1,1001,2000,0,8,91002,3000,2,90006,3000,2,31018,16,0,0,0,0,0,0
577,1054,1,2001,4500,0,8,91002,2500,2,90006,2500,2,31018,14,0,0,0,0,0,0
578,1054,1,4501,7000,0,8,91002,2000,2,90006,2000,2,31018,12,0,0,0,0,0,0
579,1054,1,7001,10000,0,8,91002,1500,2,90006,1500,2,31018,10,0,0,0,0,0,0
580,1054,1,10001,15000,0,8,91002,1000,2,90006,1000,2,31018,8,0,0,0,0,0,0
581,1054,1,15001,20000,0,8,91002,750,2,90006,750,2,31018,7,0,0,0,0,0,0
582,1054,1,20001,-1,0,8,91002,500,2,90006,500,2,31018,5,0,0,0,0,0,0
583,1055,1,1,100,0,8,91002,5000,2,90006,5000,2,31145,30,0,0,0,0,0,0
584,1055,1,101,300,0,8,91002,4500,2,90006,4500,2,31145,25,0,0,0,0,0,0
585,1055,1,301,500,0,8,91002,4000,2,90006,4000,2,31145,20,0,0,0,0,0,0
586,1055,1,501,1000,0,8,91002,3500,2,90006,3500,2,31145,18,0,0,0,0,0,0
587,1055,1,1001,2000,0,8,91002,3000,2,90006,3000,2,31145,16,0,0,0,0,0,0
588,1055,1,2001,4500,0,8,91002,2500,2,90006,2500,2,31145,14,0,0,0,0,0,0
589,1055,1,4501,7000,0,8,91002,2000,2,90006,2000,2,31145,12,0,0,0,0,0,0
590,1055,1,7001,10000,0,8,91002,1500,2,90006,1500,2,31145,10,0,0,0,0,0,0
591,1055,1,10001,15000,0,8,91002,1000,2,90006,1000,2,31145,8,0,0,0,0,0,0
592,1055,1,15001,20000,0,8,91002,750,2,90006,750,2,31145,7,0,0,0,0,0,0
593,1055,1,20001,-1,0,8,91002,500,2,90006,500,2,31145,5,0,0,0,0,0,0
594,1056,1,1,100,0,8,91002,5000,2,90006,5000,2,31025,30,0,0,0,0,0,0
595,1056,1,101,300,0,8,91002,4500,2,90006,4500,2,31025,25,0,0,0,0,0,0
596,1056,1,301,500,0,8,91002,4000,2,90006,4000,2,31025,20,0,0,0,0,0,0
597,1056,1,501,1000,0,8,91002,3500,2,90006,3500,2,31025,18,0,0,0,0,0,0
598,1056,1,1001,2000,0,8,91002,3000,2,90006,3000,2,31025,16,0,0,0,0,0,0
599,1056,1,2001,4500,0,8,91002,2500,2,90006,2500,2,31025,14,0,0,0,0,0,0
600,1056,1,4501,7000,0,8,91002,2000,2,90006,2000,2,31025,12,0,0,0,0,0,0
601,1056,1,7001,10000,0,8,91002,1500,2,90006,1500,2,31025,10,0,0,0,0,0,0
602,1056,1,10001,15000,0,8,91002,1000,2,90006,1000,2,31025,8,0,0,0,0,0,0
603,1056,1,15001,20000,0,8,91002,750,2,90006,750,2,31025,7,0,0,0,0,0,0
604,1056,1,20001,-1,0,8,91002,500,2,90006,500,2,31025,5,0,0,0,0,0,0
605,1057,1,1,100,0,8,91002,5000,2,90006,5000,2,31042,30,0,0,0,0,0,0
606,1057,1,101,300,0,8,91002,4500,2,90006,4500,2,31042,25,0,0,0,0,0,0
607,1057,1,301,500,0,8,91002,4000,2,90006,4000,2,31042,20,0,0,0,0,0,0
608,1057,1,501,1000,0,8,91002,3500,2,90006,3500,2,31042,18,0,0,0,0,0,0
609,1057,1,1001,2000,0,8,91002,3000,2,90006,3000,2,31042,16,0,0,0,0,0,0
610,1057,1,2001,4500,0,8,91002,2500,2,90006,2500,2,31042,14,0,0,0,0,0,0
611,1057,1,4501,7000,0,8,91002,2000,2,90006,2000,2,31042,12,0,0,0,0,0,0
612,1057,1,7001,10000,0,8,91002,1500,2,90006,1500,2,31042,10,0,0,0,0,0,0
613,1057,1,10001,15000,0,8,91002,1000,2,90006,1000,2,31042,8,0,0,0,0,0,0
614,1057,1,15001,20000,0,8,91002,750,2,90006,750,2,31042,7,0,0,0,0,0,0
615,1057,1,20001,-1,0,8,91002,500,2,90006,500,2,31042,5,0,0,0,0,0,0
616,1058,1,1,100,0,8,91002,5000,2,90006,5000,2,31022,30,0,0,0,0,0,0
617,1058,1,101,300,0,8,91002,4500,2,90006,4500,2,31022,25,0,0,0,0,0,0
618,1058,1,301,500,0,8,91002,4000,2,90006,4000,2,31022,20,0,0,0,0,0,0
619,1058,1,501,1000,0,8,91002,3500,2,90006,3500,2,31022,18,0,0,0,0,0,0
620,1058,1,1001,2000,0,8,91002,3000,2,90006,3000,2,31022,16,0,0,0,0,0,0
621,1058,1,2001,4500,0,8,91002,2500,2,90006,2500,2,31022,14,0,0,0,0,0,0
622,1058,1,4501,7000,0,8,91002,2000,2,90006,2000,2,31022,12,0,0,0,0,0,0
623,1058,1,7001,10000,0,8,91002,1500,2,90006,1500,2,31022,10,0,0,0,0,0,0
624,1058,1,10001,15000,0,8,91002,1000,2,90006,1000,2,31022,8,0,0,0,0,0,0
625,1058,1,15001,20000,0,8,91002,750,2,90006,750,2,31022,7,0,0,0,0,0,0
626,1058,1,20001,-1,0,8,91002,500,2,90006,500,2,31022,5,0,0,0,0,0,0
627,1059,1,1,100,0,8,91002,5000,2,90006,5000,2,31043,30,0,0,0,0,0,0
628,1059,1,101,300,0,8,91002,4500,2,90006,4500,2,31043,25,0,0,0,0,0,0
629,1059,1,301,500,0,8,91002,4000,2,90006,4000,2,31043,20,0,0,0,0,0,0
630,1059,1,501,1000,0,8,91002,3500,2,90006,3500,2,31043,18,0,0,0,0,0,0
631,1059,1,1001,2000,0,8,91002,3000,2,90006,3000,2,31043,16,0,0,0,0,0,0
632,1059,1,2001,4500,0,8,91002,2500,2,90006,2500,2,31043,14,0,0,0,0,0,0
633,1059,1,4501,7000,0,8,91002,2000,2,90006,2000,2,31043,12,0,0,0,0,0,0
634,1059,1,7001,10000,0,8,91002,1500,2,90006,1500,2,31043,10,0,0,0,0,0,0
635,1059,1,10001,15000,0,8,91002,1000,2,90006,1000,2,31043,8,0,0,0,0,0,0
636,1059,1,15001,20000,0,8,91002,750,2,90006,750,2,31043,7,0,0,0,0,0,0
637,1059,1,20001,-1,0,8,91002,500,2,90006,500,2,31043,5,0,0,0,0,0,0
638,1060,1,1,100,0,8,91002,5000,2,90006,5000,2,31018,30,0,0,0,0,0,0
639,1060,1,101,300,0,8,91002,4500,2,90006,4500,2,31018,25,0,0,0,0,0,0
640,1060,1,301,500,0,8,91002,4000,2,90006,4000,2,31018,20,0,0,0,0,0,0
641,1060,1,501,1000,0,8,91002,3500,2,90006,3500,2,31018,18,0,0,0,0,0,0
642,1060,1,1001,2000,0,8,91002,3000,2,90006,3000,2,31018,16,0,0,0,0,0,0
643,1060,1,2001,4500,0,8,91002,2500,2,90006,2500,2,31018,14,0,0,0,0,0,0
644,1060,1,4501,7000,0,8,91002,2000,2,90006,2000,2,31018,12,0,0,0,0,0,0
645,1060,1,7001,10000,0,8,91002,1500,2,90006,1500,2,31018,10,0,0,0,0,0,0
646,1060,1,10001,15000,0,8,91002,1000,2,90006,1000,2,31018,8,0,0,0,0,0,0
647,1060,1,15001,20000,0,8,91002,750,2,90006,750,2,31018,7,0,0,0,0,0,0
648,1060,1,20001,-1,0,8,91002,500,2,90006,500,2,31018,5,0,0,0,0,0,0
649,1061,1,1,100,0,8,91002,5000,2,90006,5000,2,31145,30,0,0,0,0,0,0
650,1061,1,101,300,0,8,91002,4500,2,90006,4500,2,31145,25,0,0,0,0,0,0
651,1061,1,301,500,0,8,91002,4000,2,90006,4000,2,31145,20,0,0,0,0,0,0
652,1061,1,501,1000,0,8,91002,3500,2,90006,3500,2,31145,18,0,0,0,0,0,0
653,1061,1,1001,2000,0,8,91002,3000,2,90006,3000,2,31145,16,0,0,0,0,0,0
654,1061,1,2001,4500,0,8,91002,2500,2,90006,2500,2,31145,14,0,0,0,0,0,0
655,1061,1,4501,7000,0,8,91002,2000,2,90006,2000,2,31145,12,0,0,0,0,0,0
656,1061,1,7001,10000,0,8,91002,1500,2,90006,1500,2,31145,10,0,0,0,0,0,0
657,1061,1,10001,15000,0,8,91002,1000,2,90006,1000,2,31145,8,0,0,0,0,0,0
658,1061,1,15001,20000,0,8,91002,750,2,90006,750,2,31145,7,0,0,0,0,0,0
659,1061,1,20001,-1,0,8,91002,500,2,90006,500,2,31145,5,0,0,0,0,0,0
660,1063,1,1,100,0,8,91002,5000,2,90006,5000,2,31025,30,0,0,0,0,0,0
661,1063,1,101,300,0,8,91002,4500,2,90006,4500,2,31025,25,0,0,0,0,0,0
662,1063,1,301,500,0,8,91002,4000,2,90006,4000,2,31025,20,0,0,0,0,0,0
663,1063,1,501,1000,0,8,91002,3500,2,90006,3500,2,31025,18,0,0,0,0,0,0
664,1063,1,1001,2000,0,8,91002,3000,2,90006,3000,2,31025,16,0,0,0,0,0,0
665,1063,1,2001,4500,0,8,91002,2500,2,90006,2500,2,31025,14,0,0,0,0,0,0
666,1063,1,4501,7000,0,8,91002,2000,2,90006,2000,2,31025,12,0,0,0,0,0,0
667,1063,1,7001,10000,0,8,91002,1500,2,90006,1500,2,31025,10,0,0,0,0,0,0
668,1063,1,10001,15000,0,8,91002,1000,2,90006,1000,2,31025,8,0,0,0,0,0,0
669,1063,1,15001,20000,0,8,91002,750,2,90006,750,2,31025,7,0,0,0,0,0,0
670,1063,1,20001,-1,0,8,91002,500,2,90006,500,2,31025,5,0,0,0,0,0,0
671,1064,1,1,100,0,8,91002,5000,2,90006,5000,2,31042,30,0,0,0,0,0,0
672,1064,1,101,300,0,8,91002,4500,2,90006,4500,2,31042,25,0,0,0,0,0,0
673,1064,1,301,500,0,8,91002,4000,2,90006,4000,2,31042,20,0,0,0,0,0,0
674,1064,1,501,1000,0,8,91002,3500,2,90006,3500,2,31042,18,0,0,0,0,0,0
675,1064,1,1001,2000,0,8,91002,3000,2,90006,3000,2,31042,16,0,0,0,0,0,0
676,1064,1,2001,4500,0,8,91002,2500,2,90006,2500,2,31042,14,0,0,0,0,0,0
677,1064,1,4501,7000,0,8,91002,2000,2,90006,2000,2,31042,12,0,0,0,0,0,0
678,1064,1,7001,10000,0,8,91002,1500,2,90006,1500,2,31042,10,0,0,0,0,0,0
679,1064,1,10001,15000,0,8,91002,1000,2,90006,1000,2,31042,8,0,0,0,0,0,0
680,1064,1,15001,20000,0,8,91002,750,2,90006,750,2,31042,7,0,0,0,0,0,0
681,1064,1,20001,-1,0,8,91002,500,2,90006,500,2,31042,5,0,0,0,0,0,0
682,1065,1,1,100,0,8,91002,5000,2,90006,5000,2,31022,30,0,0,0,0,0,0
683,1065,1,101,300,0,8,91002,4500,2,90006,4500,2,31022,25,0,0,0,0,0,0
684,1065,1,301,500,0,8,91002,4000,2,90006,4000,2,31022,20,0,0,0,0,0,0
685,1065,1,501,1000,0,8,91002,3500,2,90006,3500,2,31022,18,0,0,0,0,0,0
686,1065,1,1001,2000,0,8,91002,3000,2,90006,3000,2,31022,16,0,0,0,0,0,0
687,1065,1,2001,4500,0,8,91002,2500,2,90006,2500,2,31022,14,0,0,0,0,0,0
688,1065,1,4501,7000,0,8,91002,2000,2,90006,2000,2,31022,12,0,0,0,0,0,0
689,1065,1,7001,10000,0,8,91002,1500,2,90006,1500,2,31022,10,0,0,0,0,0,0
690,1065,1,10001,15000,0,8,91002,1000,2,90006,1000,2,31022,8,0,0,0,0,0,0
691,1065,1,15001,20000,0,8,91002,750,2,90006,750,2,31022,7,0,0,0,0,0,0
692,1065,1,20001,-1,0,8,91002,500,2,90006,500,2,31022,5,0,0,0,0,0,0
